{
    "max_ratio_exponent": 0.092091101298832,
    "p99_ratio_exponent": 0.03797474174350608,
    "suggested_formula": "C \u2248 N^0.092"
}