Experiment Type,N,delta_mu,delta_s,pattern,kl_fused,right_side,ratio
both_params,2,0.5,-0.5,same_direction,0.6683988383594293,0.6172588781347201,1.082850100721512
both_params,3,0.5,-0.5,same_direction,1.434406893293085,1.3888324758031203,1.032814913449954
