{
    "max_ratio_exponent": 0.09209110286123276,
    "p99_ratio_exponent": 0.03797474174350282,
    "suggested_formula": "C \u2248 N^0.092"
}