{
    "max_ratio_exponent": 0.09209111063074968,
    "p99_ratio_exponent": 0.0379747210627144,
    "suggested_formula": "C \u2248 N^0.092"
}